id,name,artifact_type,category,availability,status,primary_url,description
end-to-end-fine-tuning-frameworks-and-platforms--axolotl,Axolotl,platform,End-to-End Fine-Tuning Frameworks and Platforms,open-source,active,https://github.com/axolotl-ai-cloud/axolotl,"Axolotl is a configuration-driven post-training framework supporting full fine-tuning, LoRA/QLoRA, preference optimization, reward modeling, GRPO-family methods, multimodal models, and distributed backends including FSDP and DeepSpeed."
end-to-end-fine-tuning-frameworks-and-platforms--unsloth,Unsloth,platform,End-to-End Fine-Tuning Frameworks and Platforms,open-source,active,https://github.com/unslothai/unsloth,"Unsloth is a fine-tuning library with custom kernels and memory optimizations for SFT, LoRA/QLoRA, DPO, and reinforcement-learning workflows on supported language and vision-language models."
end-to-end-fine-tuning-frameworks-and-platforms--llama-factory,LLaMA-Factory,platform,End-to-End Fine-Tuning Frameworks and Platforms,open-source,active,https://github.com/hiyouga/LLaMA-Factory,"LLaMA-Factory is a unified fine-tuning framework with command-line and web interfaces for many text and multimodal models, covering pretraining, SFT, reward modeling, preference optimization, PPO, and adapter methods."
end-to-end-fine-tuning-frameworks-and-platforms--nvidia-nemo-framework,NVIDIA NeMo Framework,platform,End-to-End Fine-Tuning Frameworks and Platforms,open-source,active,https://github.com/NVIDIA-NeMo/NeMo,"NVIDIA NeMo Framework is a modular framework for training, adapting, and evaluating language, speech, and multimodal models, with Megatron-based parallelism, PEFT recipes, checkpoint conversion, and NVIDIA platform integrations."
end-to-end-fine-tuning-frameworks-and-platforms--ludwig,Ludwig,platform,End-to-End Fine-Tuning Frameworks and Platforms,open-source,active,https://github.com/ludwig-ai/ludwig,"Ludwig is a declarative machine-learning framework that fine-tunes language models through YAML or Python configurations and includes data preprocessing, distributed training, hyperparameter search, evaluation, and model export."
end-to-end-fine-tuning-frameworks-and-platforms--h2o-llm-studio,H2O LLM Studio,platform,End-to-End Fine-Tuning Frameworks and Platforms,open-source,active,https://github.com/h2oai/h2o-llmstudio,"H2O LLM Studio is a graphical and configuration-based application for fine-tuning instruction-following language models with LoRA, QLoRA, preference data, experiment comparison, and checkpoint export."
end-to-end-fine-tuning-frameworks-and-platforms--ms-swift,ms-swift,platform,End-to-End Fine-Tuning Frameworks and Platforms,open-source,active,https://github.com/modelscope/ms-swift,"ms-swift is ModelScope's framework for training, aligning, evaluating, quantizing, and deploying text and multimodal models, with full-parameter, PEFT, Megatron, preference-learning, and GRPO-family recipes."
end-to-end-fine-tuning-frameworks-and-platforms--xtuner,XTuner,platform,End-to-End Fine-Tuning Frameworks and Platforms,open-source,active,https://github.com/InternLM/xtuner,"XTuner is an open training engine for language and multimodal models that provides SFT, PEFT, preference optimization, reinforcement learning, sequence parallelism, and recipes for dense and mixture-of-experts architectures."
end-to-end-fine-tuning-frameworks-and-platforms--autotrain-advanced,AutoTrain Advanced,platform,End-to-End Fine-Tuning Frameworks and Platforms,open-source,active,https://github.com/huggingface/autotrain-advanced,"AutoTrain Advanced is Hugging Face's low-code training toolkit for running text and multimodal fine-tuning jobs locally or on connected compute, with dataset preprocessing and Hub integration."
end-to-end-fine-tuning-frameworks-and-platforms--llm-foundry,LLM Foundry,platform,End-to-End Fine-Tuning Frameworks and Platforms,open-source,active,https://github.com/mosaicml/llm-foundry,"LLM Foundry is MosaicML's codebase for training, fine-tuning, evaluating, and exporting language models using Composer, with configuration-driven recipes and distributed strategies such as FSDP."
end-to-end-fine-tuning-frameworks-and-platforms--litgpt,LitGPT,platform,End-to-End Fine-Tuning Frameworks and Platforms,open-source,active,https://github.com/Lightning-AI/litgpt,"LitGPT is Lightning AI's readable implementation and training toolkit for many language-model architectures, with pretraining, full fine-tuning, LoRA/QLoRA, adapter, quantization, and checkpoint-conversion recipes."
end-to-end-fine-tuning-frameworks-and-platforms--torchtune,torchtune,platform,End-to-End Fine-Tuning Frameworks and Platforms,open-source,active,https://github.com/pytorch/torchtune,"torchtune is a PyTorch-native post-training library organized around hackable recipes for SFT, LoRA/QLoRA, knowledge distillation, preference optimization, quantization-aware training, and distributed execution."
sft-and-core-training-libraries--hugging-face-transformers,Hugging Face Transformers,framework-or-library,SFT and Core Training Libraries,open-source,active,https://github.com/huggingface/transformers,"Hugging Face Transformers provides model implementations, tokenizers, data collators, generation utilities, and the Trainer API used by many SFT and post-training stacks across PyTorch, TensorFlow, and JAX."
sft-and-core-training-libraries--mosaicml-composer,MosaicML Composer,framework-or-library,SFT and Core Training Libraries,open-source,active,https://github.com/mosaicml/composer,"MosaicML Composer is a PyTorch training library with a configurable Trainer, distributed execution, checkpointing, callbacks, and algorithm hooks; it is the training engine beneath LLM Foundry."
sft-and-core-training-libraries--mlx-lm,MLX LM,framework-or-library,SFT and Core Training Libraries,open-source,active,https://github.com/ml-explore/mlx-lm,"MLX LM is Apple's toolkit for generating from and fine-tuning language models with MLX on Apple silicon, including full, LoRA, and QLoRA-style training plus model conversion."
sft-and-core-training-libraries--maxtext,MaxText,framework-or-library,SFT and Core Training Libraries,open-source,active,https://github.com/AI-Hypercomputer/maxtext,"MaxText is a JAX reference implementation for scalable transformer training on Google Cloud accelerators, with pretraining and fine-tuning configurations, distributed sharding, checkpointing, and performance recipes."
sft-and-core-training-libraries--easylm,EasyLM,framework-or-library,SFT and Core Training Libraries,open-source,active,https://github.com/young-geng/EasyLM,"EasyLM is a JAX/Flax language-model training codebase with scripts for pretraining, supervised fine-tuning, evaluation, and checkpoint conversion across supported transformer architectures."
sft-and-core-training-libraries--olmo-core,OLMo-core,framework-or-library,SFT and Core Training Libraries,open-source,active,https://github.com/allenai/OLMo-core,"OLMo-core is AI2's PyTorch library for building and training language models, exposing distributed training, data mixing, checkpointing, optimizers, and reusable components from the OLMo program."
sft-and-core-training-libraries--nanotron,Nanotron,framework-or-library,SFT and Core Training Libraries,open-source,active,https://github.com/huggingface/nanotron,"Nanotron is Hugging Face's minimal distributed transformer-training library for pretraining and fine-tuning, with tensor, pipeline, data, context, and expert parallelism."
sft-and-core-training-libraries--pytorch-lightning,PyTorch Lightning,framework-or-library,SFT and Core Training Libraries,open-source,active,https://github.com/Lightning-AI/pytorch-lightning,"PyTorch Lightning is a structured training-loop framework that supplies distributed strategies, mixed precision, callbacks, logging, checkpointing, and accelerator portability for custom language-model fine-tuning code."
sft-and-core-training-libraries--kerashub,KerasHub,framework-or-library,SFT and Core Training Libraries,open-source,active,https://github.com/keras-team/keras-hub,"KerasHub is the Keras library of pretrained modeling components and task APIs, including causal-language-model presets, LoRA enablement, tokenization, generation, and fine-tuning across supported backends."
peft-lora-and-adapter-tooling--hugging-face-peft,Hugging Face PEFT,tool,"PEFT, LoRA, and Adapter Tooling",open-source,active,https://github.com/huggingface/peft,"Hugging Face PEFT is a library for training, composing, merging, saving, and loading parameter-efficient adapters, including LoRA, DoRA, AdaLoRA, IA3, prompt tuning, prefix tuning, and related methods."
peft-lora-and-adapter-tooling--loralib,loralib,tool,"PEFT, LoRA, and Adapter Tooling",open-source,active,https://github.com/microsoft/LoRA,"loralib is Microsoft's reference PyTorch implementation accompanying the LoRA paper, providing low-rank replacements for common layers and utilities for marking only LoRA parameters trainable."
peft-lora-and-adapter-tooling--adapters,Adapters,tool,"PEFT, LoRA, and Adapter Tooling",open-source,active,https://github.com/adapter-hub/adapters,"Adapters is a unified library for parameter-efficient and modular transfer learning, integrating LoRA, prefix tuning, bottleneck adapters, composition, merging, and quantized adapter training with transformer models."
peft-lora-and-adapter-tooling--adapterhub,AdapterHub,tool,"PEFT, LoRA, and Adapter Tooling",open-source,active,https://adapterhub.ml,"AdapterHub is an open ecosystem for discovering, sharing, and composing pretrained adapter modules; each uploaded adapter remains governed by its own metadata, base-model license, and usage terms."
peft-lora-and-adapter-tooling--opendelta,OpenDelta,tool,"PEFT, LoRA, and Adapter Tooling",open-source,active,https://github.com/thunlp/OpenDelta,"OpenDelta is a plug-and-play delta-tuning library that injects trainable LoRA, prefix, adapter, and other lightweight modules into supported pretrained PyTorch models."
peft-lora-and-adapter-tooling--qlora,QLoRA,tool,"PEFT, LoRA, and Adapter Tooling",open-source,active,https://github.com/artidoro/qlora,"QLoRA is the reference implementation for fine-tuning LoRA adapters over a frozen 4-bit quantized base model using NF4, double quantization, and paged optimizers."
peft-lora-and-adapter-tooling--mergekit,mergekit,tool,"PEFT, LoRA, and Adapter Tooling",open-source,active,https://github.com/arcee-ai/mergekit,"mergekit is an Apache-licensed toolkit for combining language-model checkpoints and LoRA adapters with multiple merge methods, out-of-core processing, tensor selection, and configuration-driven workflows."
peft-lora-and-adapter-tooling--llm-adapters,LLM-Adapters,tool,"PEFT, LoRA, and Adapter Tooling",open-source,active,https://github.com/AGI-Edgerunners/LLM-Adapters,"LLM-Adapters is a research toolkit and benchmark for applying and comparing parameter-efficient adapters across language-model tasks, including LoRA-family and bottleneck-style methods."
peft-lora-and-adapter-tooling--lora-ga,LoRA-GA,tool,"PEFT, LoRA, and Adapter Tooling",open-source,active,https://github.com/Outsider565/LoRA-GA,"LoRA-GA is the reference implementation of gradient-approximation initialization for LoRA adapters, intended to initialize low-rank updates using estimated full fine-tuning gradients."
distributed-training-and-training-optimization--deepspeed,DeepSpeed,tool,Distributed Training and Training Optimization,open-source,active,https://github.com/deepspeedai/DeepSpeed,"DeepSpeed is Microsoft's distributed deep-learning library providing ZeRO optimizer-state and parameter sharding, pipeline and tensor parallelism, mixed precision, offload, checkpointing, and training optimizations used by many LLM frameworks."
distributed-training-and-training-optimization--megatron-lm,Megatron-LM,tool,Distributed Training and Training Optimization,open-source,active,https://github.com/NVIDIA/Megatron-LM,"Megatron-LM is NVIDIA's framework for large-scale transformer training with tensor, pipeline, sequence, context, data, and expert parallelism plus distributed checkpointing."
distributed-training-and-training-optimization--colossalai,ColossalAI,tool,Distributed Training and Training Optimization,open-source,active,https://github.com/hpcaitech/ColossalAI,"ColossalAI is a distributed training system with sharded optimizers, heterogeneous memory management, tensor and pipeline parallelism, mixture-of-experts support, and LLM fine-tuning examples."
distributed-training-and-training-optimization--hugging-face-accelerate,Hugging Face Accelerate,tool,Distributed Training and Training Optimization,open-source,active,https://github.com/huggingface/accelerate,"Hugging Face Accelerate provides a unified interface for running PyTorch training code across CPUs, GPUs, TPUs, mixed precision, DeepSpeed, FSDP, and multi-node configurations."
distributed-training-and-training-optimization--pytorch-fsdp,PyTorch FSDP,tool,Distributed Training and Training Optimization,open-source,active,https://pytorch.org/docs/stable/fsdp.html,"PyTorch FSDP is PyTorch's native Fully Sharded Data Parallel API for sharding model parameters, gradients, and optimizer states across data-parallel workers during training."
distributed-training-and-training-optimization--torchtitan,TorchTitan,tool,Distributed Training and Training Optimization,open-source,active,https://github.com/pytorch/torchtitan,"TorchTitan is a PyTorch-native reference platform for large-model training that composes FSDP, tensor, pipeline, context, and expert parallelism with distributed checkpointing and profiling."
distributed-training-and-training-optimization--ray-train,Ray Train,tool,Distributed Training and Training Optimization,open-source,active,https://github.com/ray-project/ray,"Ray Train is Ray's distributed training library for scaling PyTorch and Hugging Face workloads across workers and clusters with fault tolerance, storage integration, and orchestration APIs."
distributed-training-and-training-optimization--nvidia-transformer-engine,NVIDIA Transformer Engine,tool,Distributed Training and Training Optimization,open-source,active,https://github.com/NVIDIA/TransformerEngine,"NVIDIA Transformer Engine provides optimized transformer layers, attention, and mixed-precision formats such as FP8 for training on supported NVIDIA, AMD, and Intel accelerators."
distributed-training-and-training-optimization--flashattention,FlashAttention,tool,Distributed Training and Training Optimization,open-source,active,https://github.com/Dao-AILab/flash-attention,"FlashAttention is an exact, IO-aware attention implementation with CUDA kernels commonly integrated into fine-tuning frameworks to reduce attention memory traffic and support longer sequences."
distributed-training-and-training-optimization--liger-kernel,Liger Kernel,tool,Distributed Training and Training Optimization,open-source,active,https://github.com/linkedin/Liger-Kernel,"Liger Kernel is a collection of Triton kernels for transformer training operations, including fused losses, normalization, rotary embeddings, and memory-efficient linear cross entropy."
distributed-training-and-training-optimization--xformers,xFormers,tool,Distributed Training and Training Optimization,open-source,active,https://github.com/facebookresearch/xformers,"xFormers is Meta's library of composable and optimized transformer building blocks, including memory-efficient attention operators used by training and fine-tuning systems."
rlhf-preference-optimization-and-reinforcement-learning--hugging-face-trl,Hugging Face TRL,tool,"RLHF, Preference Optimization, and Reinforcement Learning",open-source,active,https://github.com/huggingface/trl,"Hugging Face TRL is a post-training library built on Transformers with trainers for SFT, reward modeling, DPO, KTO, GRPO, and related algorithms, plus PEFT and distributed-backend integrations."
rlhf-preference-optimization-and-reinforcement-learning--openrlhf,OpenRLHF,tool,"RLHF, Preference Optimization, and Reinforcement Learning",open-source,active,https://github.com/OpenRLHF/OpenRLHF,"OpenRLHF is a Ray- and vLLM-based post-training framework for SFT, reward models, DPO-family methods, PPO, GRPO, REINFORCE variants, and asynchronous or colocated rollout architectures."
rlhf-preference-optimization-and-reinforcement-learning--verl,veRL,tool,"RLHF, Preference Optimization, and Reinforcement Learning",open-source,active,https://github.com/volcengine/verl,"veRL is an open reinforcement-learning framework using HybridFlow to compose training and rollout backends, with PPO, GRPO, DAPO, agentic rollouts, FSDP, Megatron, vLLM, and SGLang integrations."
rlhf-preference-optimization-and-reinforcement-learning--nvidia-nemo-rl,NVIDIA NeMo RL,tool,"RLHF, Preference Optimization, and Reinforcement Learning",open-source,active,https://github.com/NVIDIA-NeMo/RL,"NVIDIA NeMo RL is a scalable post-training library for language and vision-language models, covering SFT, DPO, GRPO-family reinforcement learning, distributed execution, rollout backends, and LoRA."
rlhf-preference-optimization-and-reinforcement-learning--open-instruct,Open-Instruct,tool,"RLHF, Preference Optimization, and Reinforcement Learning",open-source,active,https://github.com/allenai/open-instruct,"Open-Instruct is AI2's codebase of reproducible recipes for instruction tuning, preference optimization, reward modeling, and reinforcement learning used in the Tülu model program."
rlhf-preference-optimization-and-reinforcement-learning--alignment-handbook,Alignment Handbook,tool,"RLHF, Preference Optimization, and Reinforcement Learning",open-source,active,https://github.com/huggingface/alignment-handbook,"Alignment Handbook is Hugging Face's collection of recipes and educational material for continued pretraining, SFT, reward modeling, DPO, and model evaluation with the Transformers stack."
rlhf-preference-optimization-and-reinforcement-learning--areal,AReaL,tool,"RLHF, Preference Optimization, and Reinforcement Learning",open-source,active,https://github.com/inclusionAI/AReaL,"AReaL is a large-scale asynchronous reinforcement-learning system with separate training, inference, agent, and weight-update services for reasoning and agentic model post-training."
rlhf-preference-optimization-and-reinforcement-learning--skyrl,SkyRL,tool,"RLHF, Preference Optimization, and Reinforcement Learning",open-source,active,https://github.com/NovaSky-AI/SkyRL,"SkyRL is a modular full-stack reinforcement-learning library supporting training, sampling, environments, long-horizon agents, and colocated or disaggregated execution across multiple model backends."
rlhf-preference-optimization-and-reinforcement-learning--slime,slime,tool,"RLHF, Preference Optimization, and Reinforcement Learning",open-source,active,https://github.com/THUDM/slime,"slime is an LLM reinforcement-learning scaling framework that connects Megatron training with SGLang rollouts and supports synchronous, asynchronous, dense, and mixture-of-experts post-training workflows."
rlhf-preference-optimization-and-reinforcement-learning--ragen,RAGEN,tool,"RLHF, Preference Optimization, and Reinforcement Learning",open-source,active,https://github.com/mll-lab-nu/RAGEN,RAGEN is a framework for reinforcement-learning training and diagnosis of multi-turn reasoning agents in interactive environments using trajectory- and turn-level reward structures.
rlhf-preference-optimization-and-reinforcement-learning--deepspeed-chat,DeepSpeed-Chat,tool,"RLHF, Preference Optimization, and Reinforcement Learning",open-source,active,https://github.com/deepspeedai/DeepSpeedExamples/tree/master/applications/DeepSpeed-Chat,"DeepSpeed-Chat is a reference RLHF pipeline in DeepSpeedExamples that covers SFT, reward-model training, and PPO-based actor–critic fine-tuning with ZeRO-powered distributed execution."
rlhf-preference-optimization-and-reinforcement-learning--roll,ROLL,tool,"RLHF, Preference Optimization, and Reinforcement Learning",open-source,active,https://github.com/alibaba/ROLL,"ROLL is Alibaba's reinforcement-learning library for large models, providing modular training and rollout components for reasoning, agentic, multimodal, and preference-optimization workloads."
data-curation-labeling-and-human-feedback--argilla,Argilla,tool,"Data Curation, Labeling, and Human Feedback",open-source,active,https://github.com/argilla-io/argilla,"Argilla is a collaborative data platform for curating, annotating, and reviewing language-model datasets, including response rating, ranking, classification, and human-feedback workflows."
data-curation-labeling-and-human-feedback--label-studio,Label Studio,tool,"Data Curation, Labeling, and Human Feedback",open-core,active,https://github.com/HumanSignal/label-studio,"Label Studio is an open-source data-labeling interface with commercial enterprise features, supporting text, chat, ranking, audio, image, and multimodal annotation projects."
data-curation-labeling-and-human-feedback--nemo-curator,NeMo Curator,tool,"Data Curation, Labeling, and Human Feedback",open-source,active,https://github.com/NVIDIA-NeMo/Curator,"NeMo Curator is NVIDIA's scalable toolkit for downloading, extracting, deduplicating, filtering, classifying, and generating text, image, video, and synthetic datasets for model training."
data-curation-labeling-and-human-feedback--data-juicer,Data-Juicer,tool,"Data Curation, Labeling, and Human Feedback",open-source,active,https://github.com/modelscope/data-juicer,"Data-Juicer is ModelScope's system for processing, filtering, deduplicating, mixing, and analyzing text and multimodal datasets with configurable operators and distributed execution."
data-curation-labeling-and-human-feedback--datatrove,DataTrove,tool,"Data Curation, Labeling, and Human Feedback",open-source,active,https://github.com/huggingface/datatrove,"DataTrove is Hugging Face's library for large-scale text data processing with readers, writers, filters, deduplication, tokenization, statistics, and local or cluster execution."
data-curation-labeling-and-human-feedback--dolma-toolkit,Dolma Toolkit,tool,"Data Curation, Labeling, and Human Feedback",open-source,active,https://github.com/allenai/dolma,"Dolma Toolkit is AI2's toolkit for curating language-model pretraining corpora through document processing, filtering, deduplication, mixing, and tokenization pipelines."
data-curation-labeling-and-human-feedback--cleanlab,Cleanlab,tool,"Data Curation, Labeling, and Human Feedback",open-source,active,https://github.com/cleanlab/cleanlab,"Cleanlab is a data-centric machine-learning library for detecting label errors, outliers, near duplicates, and low-quality examples that can contaminate fine-tuning datasets."
data-curation-labeling-and-human-feedback--prodigy,Prodigy,tool,"Data Curation, Labeling, and Human Feedback",commercial,active,https://prodi.gy,"Prodigy is a scriptable annotation tool from the spaCy team with model-in-the-loop recipes for text classification, named entities, preference collection, and custom interfaces."
data-curation-labeling-and-human-feedback--labelbox,Labelbox,tool,"Data Curation, Labeling, and Human Feedback",commercial,active,https://labelbox.com,"Labelbox is a commercial data platform for annotation, curation, and managed human evaluation across text and multimodal data, including preference and response-quality projects."
data-curation-labeling-and-human-feedback--scale-data-engine,Scale Data Engine,tool,"Data Curation, Labeling, and Human Feedback",commercial,active,https://scale.com/data-engine,"Scale Data Engine is a managed data-labeling and curation service for collecting expert demonstrations, preferences, evaluations, and multimodal training data."
data-curation-labeling-and-human-feedback--snorkel-flow,Snorkel Flow,tool,"Data Curation, Labeling, and Human Feedback",commercial,active,https://snorkel.ai/snorkel-flow/,"Snorkel Flow is a commercial data-development platform for programmatic labeling, data curation, model iteration, and subject-matter-expert workflows, derived from the Snorkel research project."
synthetic-data-and-data-distillation--distilabel,distilabel,tool,Synthetic Data and Data Distillation,open-source,active,https://github.com/argilla-io/distilabel,"distilabel is an Argilla framework for building reproducible synthetic-data and AI-feedback pipelines, with task abstractions, model-provider integrations, batching, caching, and dataset export."
synthetic-data-and-data-distillation--datadreamer,DataDreamer,tool,Synthetic Data and Data Distillation,open-source,active,https://github.com/datadreamer-dev/DataDreamer,"DataDreamer is a Python library for reproducible synthetic-data generation and training workflows with cached steps, prompt and embedding providers, dataset operations, and Hugging Face integrations."
synthetic-data-and-data-distillation--synthetic-data-kit,Synthetic Data Kit,tool,Synthetic Data and Data Distillation,open-source,active,https://github.com/meta-llama/synthetic-data-kit,"Synthetic Data Kit is Meta's command-line and library workflow for ingesting documents, generating and curating question–answer or reasoning examples, and preparing fine-tuning datasets."
synthetic-data-and-data-distillation--augmentoolkit,Augmentoolkit,tool,Synthetic Data and Data Distillation,open-source,active,https://github.com/e-p-armstrong/augmentoolkit,"Augmentoolkit is a configurable pipeline for converting source documents into synthetic instruction, conversation, and domain datasets using local or API-hosted language models."
synthetic-data-and-data-distillation--bonito,Bonito,tool,Synthetic Data and Data Distillation,open-source,active,https://github.com/BatsResearch/bonito,Bonito is an open task-generation model and codebase for converting unannotated text into task-specific instruction-tuning examples through conditional task generation.
synthetic-data-and-data-distillation--self-instruct,Self-Instruct,tool,Synthetic Data and Data Distillation,open-source,active,https://github.com/yizhongw/self-instruct,"Self-Instruct is the reference code and data-generation pipeline for bootstrapping instruction-following datasets by generating, filtering, and instantiating new tasks from seed instructions."
synthetic-data-and-data-distillation--llm2llm,LLM2LLM,tool,Synthetic Data and Data Distillation,open-source,active,https://github.com/SqueezeAILab/LLM2LLM,LLM2LLM is a reference implementation for iterative data augmentation that uses a stronger model to generate corrective examples from a smaller model's errors.
synthetic-data-and-data-distillation--prompt2model,Prompt2Model,tool,Synthetic Data and Data Distillation,open-source,active,https://github.com/neulab/prompt2model,"Prompt2Model is a research system that turns a natural-language task description into a small specialized model by retrieving data, generating synthetic examples, training, and evaluating."
synthetic-data-and-data-distillation--gretel,Gretel,tool,Synthetic Data and Data Distillation,commercial,active,https://gretel.ai,"Gretel is a commercial synthetic-data platform for generating and transforming text, tabular, and structured datasets with privacy and quality controls."
synthetic-data-and-data-distillation--mostly-ai,Mostly AI,tool,Synthetic Data and Data Distillation,open-core,active,https://github.com/mostly-ai/mostlyai,Mostly AI provides an open-source synthetic-data SDK and a commercial platform for generating privacy-preserving tabular and sequential data that can supplement model-training workflows.
experiment-tracking-and-model-registries--weights-biases,Weights & Biases,model,Experiment Tracking and Model Registries,open-core,active,https://wandb.ai,"Weights & Biases provides experiment tracking, dashboards, artifact and model registries, reports, and sweep orchestration through open-source clients and a hosted or self-managed platform."
experiment-tracking-and-model-registries--mlflow,MLflow,model,Experiment Tracking and Model Registries,open-source,active,https://github.com/mlflow/mlflow,"MLflow is an open-source platform for experiment tracking, model packaging, evaluation, registry workflows, and deployment metadata across machine-learning and generative-AI projects."
experiment-tracking-and-model-registries--comet,Comet,model,Experiment Tracking and Model Registries,open-core,active,https://www.comet.com,"Comet provides experiment tracking, model registry, artifact management, panels, and production monitoring through open SDKs and a commercial platform."
experiment-tracking-and-model-registries--clearml,ClearML,model,Experiment Tracking and Model Registries,open-core,active,https://github.com/clearml/clearml,"ClearML is an open-source experiment manager and orchestration suite with dataset versioning, agents, pipelines, artifact storage, model registry, and commercial enterprise services."
experiment-tracking-and-model-registries--aim,Aim,model,Experiment Tracking and Model Registries,open-source,active,https://github.com/aimhubio/aim,"Aim is a self-hostable experiment tracker for logging, querying, comparing, and visualizing metrics, parameters, distributions, text, and training artifacts."
experiment-tracking-and-model-registries--tensorboard,TensorBoard,model,Experiment Tracking and Model Registries,open-source,active,https://github.com/tensorflow/tensorboard,"TensorBoard is an open-source visualization toolkit for training metrics, computational graphs, embeddings, profiling, and experiment comparison through event logs."
experiment-tracking-and-model-registries--dvclive,DVCLive,model,Experiment Tracking and Model Registries,open-source,active,https://github.com/iterative/dvclive,"DVCLive is Iterative's experiment-logging library for metrics, parameters, plots, and artifacts, designed to connect training code with DVC experiments and Studio."
experiment-tracking-and-model-registries--trackio,Trackio,model,Experiment Tracking and Model Registries,open-source,active,https://github.com/gradio-app/trackio,"Trackio is a lightweight local experiment tracker with a Python logging API and dashboard, designed to integrate with Hugging Face training workflows and Spaces."
hyperparameter-optimization-and-orchestration--ray-tune,Ray Tune,tool,Hyperparameter Optimization and Orchestration,open-source,active,https://github.com/ray-project/ray/tree/master/python/ray/tune,"Ray Tune is a distributed hyperparameter-tuning library with search algorithms, schedulers, early stopping, checkpoint handling, and integrations for PyTorch and Hugging Face trainers."
hyperparameter-optimization-and-orchestration--optuna,Optuna,tool,Hyperparameter Optimization and Orchestration,open-source,active,https://github.com/optuna/optuna,"Optuna is a framework-agnostic hyperparameter-optimization library with define-by-run search spaces, samplers, pruning, distributed storage, visualization, and experiment analysis."
hyperparameter-optimization-and-orchestration--hydra,Hydra,tool,Hyperparameter Optimization and Orchestration,open-source,active,https://github.com/facebookresearch/hydra,Hydra is Meta's hierarchical configuration framework for composing training settings and launching local or distributed multirun sweeps through configurable launchers and sweepers.
hyperparameter-optimization-and-orchestration--ax,Ax,tool,Hyperparameter Optimization and Orchestration,open-source,active,https://github.com/facebook/Ax,"Ax is Meta's adaptive experimentation platform for Bayesian optimization and multi-objective search, with service and developer APIs for iterative training experiments."
hyperparameter-optimization-and-orchestration--katib,Katib,tool,Hyperparameter Optimization and Orchestration,open-source,active,https://github.com/kubeflow/katib,"Katib is Kubeflow's Kubernetes-native system for hyperparameter tuning, early stopping, and neural-architecture search using jobs and pluggable suggestion algorithms."
hyperparameter-optimization-and-orchestration--nni,NNI,tool,Hyperparameter Optimization and Orchestration,open-source,active,https://github.com/microsoft/nni,"NNI is Microsoft's AutoML toolkit for running hyperparameter search, pruning, neural-architecture search, and model-compression experiments on local or remote training services."
hyperparameter-optimization-and-orchestration--nevergrad,Nevergrad,tool,Hyperparameter Optimization and Orchestration,open-source,active,https://github.com/facebookresearch/nevergrad,"Nevergrad is Meta's derivative-free optimization library with evolutionary, bandit, and population-based optimizers suitable for noisy or non-differentiable training objectives."
hyperparameter-optimization-and-orchestration--determined-ai,Determined AI,tool,Hyperparameter Optimization and Orchestration,open-core,active,https://github.com/determined-ai/determined,"Determined AI is an open-source distributed training and hyperparameter-search platform with scheduling, fault tolerance, checkpointing, experiment tracking, and HPE enterprise offerings."
quantization-and-compression--bitsandbytes,bitsandbytes,tool,Quantization and Compression,open-source,active,https://github.com/bitsandbytes-foundation/bitsandbytes,"bitsandbytes provides low-bit linear layers, 8-bit optimizers, and 4-bit NF4/FP4 loading used by QLoRA and other memory-efficient fine-tuning workflows across supported hardware."
quantization-and-compression--gptqmodel,GPTQModel,tool,Quantization and Compression,open-source,active,https://github.com/ModelCloud/GPTQModel,"GPTQModel is the actively maintained successor to AutoGPTQ for GPTQ and related model quantization, with Transformers, vLLM, and SGLang integrations across multiple accelerator and CPU backends."
quantization-and-compression--llm-compressor,LLM Compressor,tool,Quantization and Compression,open-source,active,https://github.com/vllm-project/llm-compressor,"LLM Compressor is the vLLM project's library for applying GPTQ, AWQ, SmoothQuant, AutoRound, FP8, FP4, and other compression schemes and saving compatible compressed-tensors checkpoints."
quantization-and-compression--awq,AWQ,tool,Quantization and Compression,open-source,active,https://github.com/mit-han-lab/llm-awq,"AWQ is the official implementation of Activation-aware Weight Quantization, a post-training weight-only method that protects salient channels using activation statistics and calibrated scaling."
quantization-and-compression--hqq,HQQ,tool,Quantization and Compression,open-source,active,https://github.com/mobiusml/hqq,"HQQ is a half-quadratic quantization library for on-the-fly low-bit model quantization and dequantization, with backend integrations for Transformers and several inference engines."
quantization-and-compression--torchao,torchao,tool,Quantization and Compression,open-source,active,https://github.com/pytorch/ao,"torchao is PyTorch's native quantization and sparsity library for training and inference, including low-bit dtypes, quantization-aware training, post-training quantization, and model transformations."
quantization-and-compression--quanto,Quanto,tool,Quantization and Compression,open-source,active,https://github.com/huggingface/quanto,"Quanto is Hugging Face's PyTorch quantization toolkit for weights and activations, supporting calibration, quantization-aware training, freezing, serialization, and device-independent model loading."
quantization-and-compression--intel-neural-compressor,Intel Neural Compressor,tool,Quantization and Compression,open-source,active,https://github.com/intel/neural-compressor,"Intel Neural Compressor is a cross-framework optimization toolkit for post-training quantization, quantization-aware training, pruning, distillation, and model export on supported Intel hardware."
quantization-and-compression--tensorrt-model-optimizer,TensorRT Model Optimizer,tool,Quantization and Compression,open-source,active,https://github.com/NVIDIA/TensorRT-Model-Optimizer,"TensorRT Model Optimizer is NVIDIA's library for quantization, sparsity, distillation, speculative decoding, and checkpoint optimization before deployment through TensorRT-LLM or related runtimes."
quantization-and-compression--aqlm,AQLM,tool,Quantization and Compression,open-source,active,https://github.com/Vahe1994/AQLM,AQLM is the reference implementation of additive quantization for compressing language-model weights with learned codebooks and fine-tuning the resulting quantized representation.
quantization-and-compression--quip,QuIP#,tool,Quantization and Compression,open-source,active,https://github.com/Cornell-RelaxML/quip-sharp,QuIP# is a research implementation of lattice-codebook and incoherence-processing methods for very-low-bit post-training quantization of language models.
quantization-and-compression--smoothquant,SmoothQuant,tool,Quantization and Compression,open-source,active,https://github.com/mit-han-lab/smoothquant,SmoothQuant is the official implementation of a training-free method that migrates activation outliers into weights to enable W8A8 quantization of transformer models.
quantization-and-compression--autoround,AutoRound,tool,Quantization and Compression,open-source,active,https://github.com/intel/auto-round,"AutoRound is Intel's weight-rounding quantization toolkit for language and multimodal models, with low-bit calibration, multiple export formats, and serving-framework integrations."
checkpoint-export-conversion-and-inference--llama-cpp,llama.cpp,tool,"Checkpoint Export, Conversion, and Inference",open-source,active,https://github.com/ggml-org/llama.cpp,"llama.cpp provides model-conversion scripts, GGUF quantization tools, adapter loading, and CPU/GPU inference for supported architectures, making it a common deployment target for merged fine-tuned checkpoints."
checkpoint-export-conversion-and-inference--vllm,vLLM,tool,"Checkpoint Export, Conversion, and Inference",open-source,active,https://github.com/vllm-project/vllm,"vLLM is a high-throughput model-serving engine with OpenAI-compatible APIs, distributed inference, quantized checkpoint support, and runtime loading of supported LoRA adapters."
checkpoint-export-conversion-and-inference--sglang,SGLang,tool,"Checkpoint Export, Conversion, and Inference",open-source,active,https://github.com/sgl-project/sglang,"SGLang is a serving and programming framework for language and multimodal models with distributed inference, structured generation, quantization, and LoRA adapter support."
checkpoint-export-conversion-and-inference--tensorrt-llm,TensorRT-LLM,tool,"Checkpoint Export, Conversion, and Inference",open-source,active,https://github.com/NVIDIA/TensorRT-LLM,"TensorRT-LLM is NVIDIA's inference library and compiler stack for optimizing, converting, quantizing, and serving supported language-model checkpoints on NVIDIA GPUs."
checkpoint-export-conversion-and-inference--hugging-face-optimum,Hugging Face Optimum,tool,"Checkpoint Export, Conversion, and Inference",open-source,active,https://github.com/huggingface/optimum,"Hugging Face Optimum provides export and hardware-optimization interfaces connecting Transformers models to ONNX Runtime, OpenVINO, and other accelerator-specific backends."
checkpoint-export-conversion-and-inference--onnx-runtime-genai,ONNX Runtime GenAI,tool,"Checkpoint Export, Conversion, and Inference",open-source,active,https://github.com/microsoft/onnxruntime-genai,"ONNX Runtime GenAI supplies generation APIs, model builders, quantization utilities, and runtime support for deploying converted generative-model checkpoints through ONNX Runtime."
checkpoint-export-conversion-and-inference--mlc-llm,MLC LLM,tool,"Checkpoint Export, Conversion, and Inference",open-source,active,https://github.com/mlc-ai/mlc-llm,"MLC LLM compiles and packages language models for deployment across GPUs, CPUs, browsers, and mobile devices, with conversion, quantization, and OpenAI-compatible serving tools."
checkpoint-export-conversion-and-inference--executorch,ExecuTorch,tool,"Checkpoint Export, Conversion, and Inference",open-source,active,https://github.com/pytorch/executorch,"ExecuTorch is PyTorch's on-device inference stack for exporting, optimizing, and running supported models on mobile and embedded hardware through backend delegates."
checkpoint-export-conversion-and-inference--lmdeploy,LMDeploy,tool,"Checkpoint Export, Conversion, and Inference",open-source,active,https://github.com/InternLM/lmdeploy,"LMDeploy is an inference and compression toolkit for language and vision-language models, with TurboMind and PyTorch engines, quantization, serving APIs, and adapter support."
checkpoint-export-conversion-and-inference--openvino-genai,OpenVINO GenAI,tool,"Checkpoint Export, Conversion, and Inference",open-source,active,https://github.com/openvinotoolkit/openvino.genai,"OpenVINO GenAI provides generation pipelines, model conversion, compression integrations, and serving examples for running supported language and multimodal models on Intel hardware."
checkpoint-export-conversion-and-inference--lorax,LoRAX,tool,"Checkpoint Export, Conversion, and Inference",open-source,active,https://github.com/predibase/lorax,"LoRAX is an Apache-licensed multi-adapter inference server that dynamically loads LoRA adapters and exposes OpenAI-compatible APIs, Kubernetes assets, metrics, and tenant isolation."
managed-cloud-fine-tuning-services--together-ai-fine-tuning,Together AI Fine-Tuning,tool,Managed Cloud Fine-Tuning Services,commercial,active,https://docs.together.ai/docs/fine-tuning/quickstart,"Together AI Fine-Tuning runs LoRA or full-parameter jobs on supported open-weight base models and connects completed models to dedicated hosted endpoints, with validation and checkpoint options documented per model."
managed-cloud-fine-tuning-services--fireworks-ai-fine-tuning,Fireworks AI Fine-Tuning,tool,Managed Cloud Fine-Tuning Services,commercial,active,https://docs.fireworks.ai/fine-tuning/fine-tuning-models,"Fireworks AI Fine-Tuning provides managed SFT, DPO, and reinforcement fine-tuning for supported models through its UI, CLI, and API, with model-weight download and dedicated deployment options."
managed-cloud-fine-tuning-services--predibase,Predibase,tool,Managed Cloud Fine-Tuning Services,commercial,active,https://docs.predibase.com/fine-tuning/overview,"Predibase is a managed platform for fine-tuning and serving open-weight models with LoRA and QLoRA, built by the team behind the separate open-source Ludwig and LoRAX projects."
managed-cloud-fine-tuning-services--openpipe,OpenPipe,tool,Managed Cloud Fine-Tuning Services,commercial,active,https://docs.openpipe.ai/features/fine-tuning,"OpenPipe is a managed platform that collects and curates application traces into training datasets, runs supported fine-tuning jobs, evaluates resulting models, and serves them through an API."
managed-cloud-fine-tuning-services--tinker,Tinker,tool,Managed Cloud Fine-Tuning Services,commercial,active,https://thinkingmachines.ai/tinker/,"Tinker is Thinking Machines Lab's managed training API for LoRA-based SFT and reinforcement learning on supported open-weight models, exposing gradient, optimizer, sampling, and checkpoint primitives while operating distributed infrastructure."
managed-cloud-fine-tuning-services--openai-fine-tuning,OpenAI Fine-Tuning,tool,Managed Cloud Fine-Tuning Services,commercial,active,https://platform.openai.com/docs/guides/fine-tuning,"OpenAI Fine-Tuning is a managed API and dashboard workflow for SFT, DPO, and reinforcement fine-tuning on selected OpenAI models, with uploaded datasets, job events, checkpoints, and hosted inference."
managed-cloud-fine-tuning-services--vertex-ai-model-tuning,Vertex AI Model Tuning,tool,Managed Cloud Fine-Tuning Services,commercial,active,https://cloud.google.com/vertex-ai/generative-ai/docs/models/tune-models,"Vertex AI Model Tuning provides managed supervised and preference tuning for selected Google and open models, with training data in Google Cloud and deployment through Vertex AI endpoints."
managed-cloud-fine-tuning-services--amazon-bedrock-model-customization,Amazon Bedrock Model Customization,tool,Managed Cloud Fine-Tuning Services,commercial,active,https://docs.aws.amazon.com/bedrock/latest/userguide/custom-models.html,"Amazon Bedrock Model Customization provides managed fine-tuning, continued pretraining, distillation, model import, and reinforcement fine-tuning capabilities for supported foundation models and regions."
managed-cloud-fine-tuning-services--microsoft-foundry-fine-tuning,Microsoft Foundry Fine-Tuning,tool,Managed Cloud Fine-Tuning Services,commercial,active,https://learn.microsoft.com/en-us/azure/foundry/openai/how-to/fine-tuning,"Microsoft Foundry Fine-Tuning provides managed SFT, DPO, and reinforcement fine-tuning for supported OpenAI and selected open models, with region- and deployment-specific availability."
managed-cloud-fine-tuning-services--amazon-sagemaker-ai-fine-tuning,Amazon SageMaker AI Fine-Tuning,tool,Managed Cloud Fine-Tuning Services,commercial,active,https://docs.aws.amazon.com/sagemaker/latest/dg/jumpstart-foundation-models-fine-tuning.html,"Amazon SageMaker AI provides configurable foundation-model fine-tuning through JumpStart, training jobs, distributed libraries, managed storage, experiment tracking, and endpoint deployment."
managed-cloud-fine-tuning-services--databricks-ai-runtime,Databricks AI Runtime,tool,Managed Cloud Fine-Tuning Services,commercial,active,https://docs.databricks.com/aws/en/machine-learning/ai-runtime/,"Databricks AI Runtime is a serverless GPU environment for custom training and fine-tuning with frameworks such as PyTorch, Transformers, Unsloth, and LLM Foundry; some distributed capabilities remain preview or beta."
managed-cloud-fine-tuning-services--ibm-watsonx-ai-fine-tuning,IBM watsonx.ai Fine-Tuning,tool,Managed Cloud Fine-Tuning Services,commercial,active,https://www.ibm.com/docs/en/watsonx/saas?topic=models-methods-tuning,"IBM watsonx.ai provides LoRA and QLoRA fine-tuning for supported foundation models and regions, alongside tuning experiments, deployment, and governance features; supported methods vary by product edition."
managed-cloud-fine-tuning-services--cohere-fine-tuning,Cohere Fine-Tuning,tool,Managed Cloud Fine-Tuning Services,commercial,active,https://docs.cohere.com/reference/createfinetunedmodel,Cohere Fine-Tuning trains and deploys supported Cohere models from uploaded datasets through its API and dashboard; model eligibility and retirement dates are documented in Cohere's current model lifecycle pages.
managed-cloud-fine-tuning-services--baseten-training,Baseten Training,tool,Managed Cloud Fine-Tuning Services,commercial,active,https://docs.baseten.co/training/overview,Baseten Training runs custom training containers on managed GPUs and deploys produced checkpoints; its separate Loops early-access service exposes Tinker-compatible LoRA SFT and reinforcement-learning primitives.
managed-cloud-fine-tuning-services--lamini,Lamini,tool,Managed Cloud Fine-Tuning Services,commercial,active,https://docs.lamini.ai/,"Lamini provides managed and self-hosted enterprise APIs for tuning supported open-weight models, including conventional fine-tuning and its adapter-based Memory Tuning workflow."
evaluation-and-checkpoint-selection--deepeval,DeepEval,tool,Evaluation and Checkpoint Selection,open-source,active,https://github.com/confident-ai/deepeval,"DeepEval is an open-source evaluation framework for regression-testing fine-tuned checkpoints with versioned test cases, custom or built-in metrics, benchmark runners, and CI integration."
evaluation-and-checkpoint-selection--lm-evaluation-harness,lm-evaluation-harness,tool,Evaluation and Checkpoint Selection,open-source,active,https://github.com/EleutherAI/lm-evaluation-harness,"lm-evaluation-harness is EleutherAI's benchmark runner for comparing language-model checkpoints across a large registry of academic tasks, prompting configurations, and inference backends."
evaluation-and-checkpoint-selection--lighteval,LightEval,tool,Evaluation and Checkpoint Selection,open-source,active,https://github.com/huggingface/lighteval,"LightEval is Hugging Face's toolkit for evaluating language models across local, distributed, and hosted backends with configurable tasks, metrics, prompt formats, and result tracking."
evaluation-and-checkpoint-selection--opencompass,OpenCompass,tool,Evaluation and Checkpoint Selection,open-source,active,https://github.com/open-compass/opencompass,"OpenCompass is an evaluation platform for language and multimodal checkpoints with dataset registries, distributed inference, judge-based and objective metrics, and report generation."
evaluation-and-checkpoint-selection--inspect-ai,Inspect AI,tool,Evaluation and Checkpoint Selection,open-source,active,https://github.com/UKGovernmentBEIS/inspect_ai,"Inspect AI is the UK AI Security Institute's evaluation framework for defining datasets, solvers, scorers, model backends, sandboxed tool use, and reproducible evaluation logs."
evaluation-and-checkpoint-selection--evalscope,EvalScope,tool,Evaluation and Checkpoint Selection,open-source,active,https://github.com/modelscope/evalscope,"EvalScope is ModelScope's framework for evaluating and profiling language, multimodal, embedding, and reranker models across benchmark and inference backends."
evaluation-and-checkpoint-selection--rewardbench,RewardBench,tool,Evaluation and Checkpoint Selection,open-source,active,https://github.com/allenai/reward-bench,"RewardBench is AI2's benchmark and codebase for comparing reward-model checkpoints on preference pairs, helping select reward models before RLHF or rejection-sampling pipelines."
evaluation-and-checkpoint-selection--alpacaeval,AlpacaEval,tool,Evaluation and Checkpoint Selection,open-source,active,https://github.com/tatsu-lab/alpaca_eval,"AlpacaEval is an automatic instruction-following evaluator for pairwise comparison of model outputs, with length-controlled variants and reproducible leaderboard tooling."
evaluation-and-checkpoint-selection--olmes,OLMES,tool,Evaluation and Checkpoint Selection,open-source,active,https://github.com/allenai/olmes,OLMES is AI2's standardized evaluation framework and reporting protocol for reproducibly comparing base and instruction-tuned language-model checkpoints.
domain-specific-and-multimodal-fine-tuning--fingpt,FinGPT,tool,Domain-Specific and Multimodal Fine-Tuning,open-source,active,https://github.com/AI4Finance-Foundation/FinGPT,"FinGPT is an open research framework for financial language models with data pipelines, instruction-tuning and LoRA scripts, sentiment and forecasting tasks, and published model recipes."
domain-specific-and-multimodal-fine-tuning--nvidia-bionemo-framework,NVIDIA BioNeMo Framework,tool,Domain-Specific and Multimodal Fine-Tuning,open-source,active,https://github.com/NVIDIA/bionemo-framework,NVIDIA BioNeMo Framework provides domain-specific libraries and scalable recipes for training and LoRA-tuning biomolecular foundation models such as protein and DNA sequence models.
domain-specific-and-multimodal-fine-tuning--adaptllm,AdaptLLM,tool,Domain-Specific and Multimodal Fine-Tuning,open-source,active,https://github.com/microsoft/LMOps/tree/main/adaptllm,"AdaptLLM is Microsoft's reference code for reading-comprehension-based domain adaptation, converting raw domain corpora into training tasks for continued pretraining and instruction tuning."
domain-specific-and-multimodal-fine-tuning--llama-adapter,LLaMA-Adapter,tool,Domain-Specific and Multimodal Fine-Tuning,open-source,active,https://github.com/OpenGVLab/LLaMA-Adapter,LLaMA-Adapter is a research codebase for parameter-efficient instruction and multimodal adaptation using small trainable modules; released checkpoints remain subject to their underlying model licenses.
domain-specific-and-multimodal-fine-tuning--lavis,LAVIS,tool,Domain-Specific and Multimodal Fine-Tuning,open-source,active,https://github.com/salesforce/LAVIS,"LAVIS is Salesforce's library for training and evaluating language–vision models, with standardized datasets, processors, tasks, model implementations, and parameter-efficient adaptation recipes."
domain-specific-and-multimodal-fine-tuning--medicalgpt,MedicalGPT,tool,Domain-Specific and Multimodal Fine-Tuning,open-source,active,https://github.com/shibing624/MedicalGPT,"MedicalGPT is a training toolkit with continued pretraining, SFT, reward modeling, DPO, and PPO scripts for medical-domain language models; generated checkpoints inherit their base-model terms."
domain-specific-and-multimodal-fine-tuning--finlora,FinLoRA,tool,Domain-Specific and Multimodal Fine-Tuning,open-weights,active,https://github.com/Open-Finance-Lab/FinLoRA,FinLoRA publishes financial LoRA adapter checkpoints and reproducible training scripts; its downloadable adapters remain subject to the repository's terms plus underlying base-model and dataset licenses.
discontinued-and-historical-tools--autogptq,AutoGPTQ,historical,Discontinued and Historical Tools,open-source,discontinued,https://github.com/AutoGPTQ/AutoGPTQ,"AutoGPTQ is archived and unmaintained; its maintainers direct new GPTQ work to GPTQModel, and current Transformers releases no longer support AutoGPTQ."
discontinued-and-historical-tools--autoawq,AutoAWQ,historical,Discontinued and Historical Tools,open-source,discontinued,https://github.com/casper-hansen/AutoAWQ,AutoAWQ is archived and officially deprecated; its repository directs new AWQ quantization work to the vLLM project's LLM Compressor.
discontinued-and-historical-tools--trlx,TRLX,historical,Discontinued and Historical Tools,open-source,discontinued,https://github.com/CarperAI/trlx,TRLX is an early distributed RLHF framework for PPO and ILQL whose repository is not archived but has received no code push since January 2024.
discontinued-and-historical-tools--stanford-alpaca,Stanford Alpaca,historical,Discontinued and Historical Tools,open-source,discontinued,https://github.com/tatsu-lab/stanford_alpaca,Stanford Alpaca is the static 2023 reference project for Self-Instruct-style data generation and LLaMA fine-tuning; its released model artifacts were governed by the original LLaMA license.
discontinued-and-historical-tools--alpaca-lora,Alpaca-LoRA,historical,Discontinued and Historical Tools,open-source,discontinued,https://github.com/tloen/alpaca-lora,Alpaca-LoRA is an influential early LoRA fine-tuning example for LLaMA whose implementation is retained primarily as a historical reference for the 2023 ecosystem.
discontinued-and-historical-tools--rl4lms,RL4LMs,historical,Discontinued and Historical Tools,open-source,discontinued,https://github.com/allenai/RL4LMs,RL4LMs is AI2's modular reinforcement-learning library for language generation; its archived code remains useful for reproducing PPO and related research baselines.
discontinued-and-historical-tools--openassistant,OpenAssistant,historical,Discontinued and Historical Tools,open-source,discontinued,https://github.com/LAION-AI/Open-Assistant,"OpenAssistant is LAION's concluded project for crowdsourcing assistant conversations, reward labels, and open training recipes; the repository and datasets remain available for research."
discontinued-and-historical-tools--openchatkit,OpenChatKit,historical,Discontinued and Historical Tools,open-source,discontinued,https://github.com/togethercomputer/OpenChatKit,"OpenChatKit is Together's 2023 toolkit of chat-model training, moderation, retrieval, and evaluation code; development has slowed and current Together fine-tuning is offered separately as a managed service."
discontinued-and-historical-tools--adapter-transformers,adapter-transformers,historical,Discontinued and Historical Tools,open-source,discontinued,https://github.com/adapter-hub/adapter-transformers,adapter-transformers is the superseded predecessor to the standalone Adapters library; AdapterHub directs new development and migrations to Adapters.
discontinued-and-historical-tools--gptq-for-llama,GPTQ-for-LLaMa,historical,Discontinued and Historical Tools,open-source,discontinued,https://github.com/qwopqwop200/GPTQ-for-LLaMa,"GPTQ-for-LLaMa is an early GPTQ implementation retained for historical reproducibility; current quantization stacks provide broader model, kernel, serialization, and hardware support."
